1,我和我的家乡 电影幕后纪实节目,1250.0万,4.0万,14.0万,更新至第4集
2,嗨，大学！,491.0万,2.7万,10.9万,更新至第5集
3,詹姆斯・卡梅隆的科幻故事,111.5万,2278,4.6万,更新至第4集
4,富豪谷底求翻身,446.4万,1.5万,15.6万,更新至第7集
5,我们:《夺冠》幕后纪实,248.3万,1.2万,7.6万,全4集
6,法医密档,185.9万,1.3万,10.1万,更新至第7集
7,小动物狠角色,27.0万,763,1.5万,更新至第2集
8,我住在这里的理由 第三季,261.6万,2.9万,3.4万,更新至第25集
9,兵器科技,90.2万,451,1.7万,更新至第175集
10,无影灯下,2068.8万,16.4万,83.8万,全16集
11,格拉汉姆・诺顿秀 第二十三季,26.3万,1101,1.3万,更新至第2集
12,动物农场2019,1194.4万,10.4万,18.7万,全52集
13,冒险雷探长,3940.3万,88.1万,40.1万,更新至第249集
14,纳粹二战工程：美国之战 第五季,17.8万,1005,1.4万,更新至第6集
15,百家讲坛之易中天品三国,1372.8万,37.7万,46.8万,全52集
16,痛下杀手,5.3万,212,2137,全1集
17,冻结的希望 ,195.7万,6935,2.8万,全1集
18,比划,744.5万,1.8万,8.0万,更新至第177集
19,原始生活21天 第五季,55.1万,7108,1.1万,更新至第9集
20,舌尖上的中国 第一季,1957.3万,27.4万,42.7万,全7集
21,这就是中国,3138.4万,7.7万,67.4万,更新至第74集
22,舌尖上的中国 第二季,688.6万,9.0万,17.7万,全7集
23,灵笼：研发记录,516.8万,2.5万,10.5万,全1集
24,人生一串,8084.8万,135.0万,168.3万,全6集
25,人生一串 第二季,9799.0万,105.2万,236.7万,全6集
26,超级工程 第二季,15.0万,1492,8884,全4集
27,守护解放西,4576.6万,84.9万,91.7万,全10集
28,我住在这里的理由 第二季,2576.1万,27.6万,13.1万,全200集
29,动物农场2020,332.1万,2.9万,22.0万,更新至第39集 下
30,海昏侯,49.6万,1.1万,2.4万,全3集
31,决胜荒野之华夏秘境,4801.1万,42.7万,190.3万,全6集
32,航拍中国 第三季,1341.2万,29.9万,68.8万,全10集
33,单挑荒野 第一季,2025.7万,21.6万,30.5万,全9集
34,今日说法,1327.2万,1.8万,21.8万,更新至第132集
35,无厘头科学研究所 第七季,727.7万,1.1万,19.6万,更新至第18集
36,极度深海,647.5万,4.6万,17.3万,更新至中文配音版
37,军武大本营 第三季,928.6万,14.6万,3.8万,更新至第67集
38,狮子王国,1.6万,47,1348,更新至第2集
39,宇宙有道理 第七季,77.9万,3067,5.5万,更新至第6集
40,单挑荒野 第二季,1472.7万,17.9万,15.3万,全6集
41,涨潮,3.2万,89,2805,全4集
42,火锅儿侦探,11.2万,1282,2467,更新至第12集
43,百家讲坛之王立群读《史记》秦始皇,302.7万,8.6万,7.1万,全47集
44,舌尖上的中国 第三季,92.9万,7462,2.7万,全8集
45,大唐帝陵,262.7万,2.6万,13.4万,全10集
46,我住在这里的理由 第一季,2394.3万,35.4万,10.3万,全100集
47,电视冠军之极,652.7万,12.8万,15.2万,更新至第126集
48,原始求生记 第四季,9389,131,647,更新至第1集
49,巴尔干半岛,88.3万,8952,6858,更新至第65集
50,河西走廊,554.4万,12.4万,31.6万,全10集
51,三味新知,120.7万,4852,8209,更新至第87集
52,派出所的故事2019,4966.6万,82.8万,89.0万,全15集
53,荒岛余生,1785.0万,26.3万,58.9万,全4集
54,百家讲坛之刘心武揭秘红楼梦,202.9万,6.1万,5.7万,全61集
55,荒野求生 第一季,1499.3万,28.3万,47.4万,全15集
56,我是XX生,1372.3万,12.9万,32.2万,全8集
57,航拍中国 第一季,141.9万,2.7万,73.7万,全6集
58,人生第一次,1461.1万,24.6万,38.0万,全12集
59,历史那些事,2810.5万,45.4万,142.4万,全8集
60,故宫新事,1.8万,217,1857,更新至第4集
61,宇宙时空之旅：未知世界,1119.2万,5.7万,69.8万,全12集
62,航拍中国 第二季,1276.8万,31.4万,53.6万,全7集
63,荒野求生 第二季,1327.5万,20.2万,39.6万,全13集
64,单挑荒野绝境,1167.9万,11.2万,21.4万,全6集
65,历史那些事 第二季,1994.7万,21.9万,121.6万,全8集
66,超级工程3：纵横中国,495.2万,12.9万,20.1万,全5集
67,什么让人类越来越蠢,146.8万,7884,5.0万,全1集
68,螃蟹的征途,344.0万,2.8万,14.0万,全4集
69,百家讲坛之大风歌,202.7万,6.1万,5.0万,全45集
70,决胜荒野,3895.7万,37.0万,90.3万,全6集
71,百家讲坛之先秦诸子百家争鸣,247.3万,7.2万,14.6万,全36集
72,荒野求生 第四季,1211.9万,12.9万,17.6万,全13集
73,如果国宝会说话 第一季,762.6万,9.4万,39.1万,全25集
74,万物滋养 第二季,703.2万,2.9万,20.1万,全5集
75,原始生活40天 第三季,431.9万,6.8万,5.2万,全9集
76,印度全球最大的校园午餐,72.3万,4452,8597,全1集
77,奇形怪物 第三季 ,7.4万,367,3159,更新至第3集
78,身体地图,25.7万,747,1.0万,全1集
79,生活如沸,2138.6万,12.1万,59.2万,全7集
80,百家讲坛之王立群读《史记》汉武帝,124.4万,2.2万,2.9万,全32集
81,陪你上班,30.7万,2732,8547,更新至第4集
82,地球脉动,568.5万,10.9万,36.9万,全11集
83,但是还有书籍,964.2万,7.1万,64.1万,全5集
84,宠物医院,3357.3万,37.0万,82.9万,全8集
85,荒野求生 第三季,1383.6万,14.6万,30.0万,全12集
86,如果国宝会说话 第三季,461.4万,2.7万,15.3万,全25集
87,中华制面,42.4万,1852,2.7万,全4集
88,小海鲜,105.9万,8906,5.1万,全2集
89,动物农场2017,12.8万,2903,21.4万,更新至第27集
90,荒岛余生：德爷全家挨饿记,421.1万,3.3万,10.3万,全1集
91,红毯这件事,39.1万,609,2078,全1集
92,小主安康－宠物医院2,2767.9万,35.3万,97.1万,全8集
93,如果国宝会说话 第二季,1138.6万,3.4万,38.5万,全25集
94,法医宋慈,292.8万,2.7万,17.3万,全6集
95,川味 第一季,464.8万,3.1万,15.2万,全15集
96,奇趣美术馆,121.5万,6363,12.7万,全30集
97,脑力大挑战 第四季,160.4万,8204,8.4万,全10集
98,金银潭实拍80天,34.7万,1.1万,3.1万,全1集
99,百家讲坛之王立群读宋史（第一部）《宋太祖》,102.9万,2.7万,2.0万,全40集
100,高三,105.7万,1.0万,4.3万,全3集
